-- =============================================
-- EBSA Form Database Schema - Part 5
-- Inserción de Datos: Regiones y Comunas
-- =============================================

-- =============================================
-- INSERTAR REGIONES (ordenadas por número romano)
-- =============================================

INSERT INTO regiones (id, nombre) VALUES
('i', 'tarapacá'),
('ii', 'antofagasta'),
('iii', 'atacama'),
('iv', 'coquimbo'),
('v', 'valparaíso'),
('vi', 'o''higgins'),
('vii', 'maule'),
('viii', 'biobío'),
('ix', 'araucanía'),
('x', 'los lagos'),
('xi', 'aysén'),
('xii', 'magallanes'),
('xiii', 'metropolitana'),
('xiv', 'los ríos'),
('xv', 'arica y parinacota'),
('xvi', 'ñuble');

-- =============================================
-- INSERTAR COMUNAS (ordenadas por número de región)
-- =============================================

-- Región I - Tarapacá
INSERT INTO comunas (nombre, region_id) VALUES
('iquique', 'i'),
('alto hospicio', 'i'),
('pozo almonte', 'i'),
('camiña', 'i'),
('colchane', 'i'),
('huara', 'i'),
('pica', 'i');

-- Región II - Antofagasta
INSERT INTO comunas (nombre, region_id) VALUES
('antofagasta', 'ii'),
('mejillones', 'ii'),
('sierra gorda', 'ii'),
('taltal', 'ii'),
('calama', 'ii'),
('ollagüe', 'ii'),
('san pedro de atacama', 'ii'),
('tocopilla', 'ii'),
('maría elena', 'ii');

-- Región III - Atacama
INSERT INTO comunas (nombre, region_id) VALUES
('copiapó', 'iii'),
('caldera', 'iii'),
('tierra amarilla', 'iii'),
('chañaral', 'iii'),
('diego de almagro', 'iii'),
('vallenar', 'iii'),
('alto del carmen', 'iii'),
('freirina', 'iii'),
('huasco', 'iii');

-- Región IV - Coquimbo
INSERT INTO comunas (nombre, region_id) VALUES
('la serena', 'iv'),
('coquimbo', 'iv'),
('andacollo', 'iv'),
('la higuera', 'iv'),
('paihuano', 'iv'),
('vicuña', 'iv'),
('illapel', 'iv'),
('canela', 'iv'),
('los vilos', 'iv'),
('salamanca', 'iv'),
('ovalle', 'iv'),
('combarbalá', 'iv'),
('monte patria', 'iv'),
('punitaqui', 'iv'),
('río hurtado', 'iv');

-- Región V - Valparaíso
INSERT INTO comunas (nombre, region_id) VALUES
('valparaíso', 'v'),
('casablanca', 'v'),
('concón', 'v'),
('juan fernández', 'v'),
('puchuncaví', 'v'),
('quilpué', 'v'),
('quintero', 'v'),
('villa alemana', 'v'),
('viña del mar', 'v'),
('isla de pascua', 'v'),
('los andes', 'v'),
('calle larga', 'v'),
('rinconada', 'v'),
('san esteban', 'v'),
('la ligua', 'v'),
('cabildo', 'v'),
('papudo', 'v'),
('petorca', 'v'),
('zapallar', 'v'),
('quillota', 'v'),
('calera', 'v'),
('hijuelas', 'v'),
('la calera', 'v'),
('la cruz', 'v'),
('nogales', 'v'),
('limache', 'v'),
('olmué', 'v'),
('san antonio', 'v'),
('algarrobo', 'v'),
('cartagena', 'v'),
('el quisco', 'v'),
('el tabo', 'v'),
('santo domingo', 'v'),
('catemu', 'v'),
('llay llay', 'v'),
('panquehue', 'v'),
('putaendo', 'v'),
('santa maría', 'v'),
('san felipe', 'v');

-- Región VI - O'Higgins
INSERT INTO comunas (nombre, region_id) VALUES
('rancagua', 'vi'),
('pichilemu', 'vi'),
('codegua', 'vi'),
('coinco', 'vi'),
('coltauco', 'vi'),
('doñihue', 'vi'),
('graneros', 'vi'),
('las cabras', 'vi'),
('machalí', 'vi'),
('malloa', 'vi'),
('mostazal', 'vi'),
('olivar', 'vi'),
('peumo', 'vi'),
('pichidegua', 'vi'),
('quinta de tilcoco', 'vi'),
('rengo', 'vi'),
('requínoa', 'vi'),
('san vicente', 'vi'),
('la estrella', 'vi'),
('litueche', 'vi'),
('marchihue', 'vi'),
('navidad', 'vi'),
('paredones', 'vi'),
('pumanque', 'vi'),
('san fernando', 'vi'),
('chépica', 'vi'),
('chimbarongo', 'vi'),
('lolol', 'vi'),
('nancagua', 'vi'),
('palmilla', 'vi'),
('peralillo', 'vi'),
('placilla', 'vi'),
('santa cruz', 'vi');

-- Región VII - Maule
INSERT INTO comunas (nombre, region_id) VALUES
('talca', 'vii'),
('constitución', 'vii'),
('curepto', 'vii'),
('empedrado', 'vii'),
('maule', 'vii'),
('pelarco', 'vii'),
('pencahue', 'vii'),
('río claro', 'vii'),
('san clemente', 'vii'),
('san rafael', 'vii'),
('cauquenes', 'vii'),
('chanco', 'vii'),
('pelluhue', 'vii'),
('curicó', 'vii'),
('hualañé', 'vii'),
('licantén', 'vii'),
('molina', 'vii'),
('rauco', 'vii'),
('romeral', 'vii'),
('sagrada familia', 'vii'),
('teno', 'vii'),
('vichuquén', 'vii'),
('linares', 'vii'),
('colbún', 'vii'),
('longaví', 'vii'),
('parral', 'vii'),
('retiro', 'vii'),
('san javier', 'vii'),
('villa alegre', 'vii'),
('yerbas buenas', 'vii');

-- Región VIII - Biobío
INSERT INTO comunas (nombre, region_id) VALUES
('concepción', 'viii'),
('coronel', 'viii'),
('chiguayante', 'viii'),
('florida', 'viii'),
('hualpén', 'viii'),
('hualqui', 'viii'),
('lota', 'viii'),
('penco', 'viii'),
('san pedro de la paz', 'viii'),
('santa juana', 'viii'),
('talcahuano', 'viii'),
('tomé', 'viii'),
('antuco', 'viii'),
('cabrero', 'viii'),
('laja', 'viii'),
('los ángeles', 'viii'),
('mulchén', 'viii'),
('nacimiento', 'viii'),
('negrete', 'viii'),
('quilaco', 'viii'),
('quilleco', 'viii'),
('san rosendo', 'viii'),
('santa bárbara', 'viii'),
('tucapel', 'viii'),
('yumbel', 'viii'),
('alto biobío', 'viii'),
('arauco', 'viii'),
('cañete', 'viii'),
('contulmo', 'viii'),
('curanilahue', 'viii'),
('lebu', 'viii'),
('los álamos', 'viii'),
('tirúa', 'viii');

-- Región IX - Araucanía
INSERT INTO comunas (nombre, region_id) VALUES
('temuco', 'ix'),
('labranza', 'ix'),
('carahue', 'ix'),
('cunco', 'ix'),
('curarrehue', 'ix'),
('freire', 'ix'),
('galvarino', 'ix'),
('gorbea', 'ix'),
('lautaro', 'ix'),
('loncoche', 'ix'),
('melipeuco', 'ix'),
('nueva imperial', 'ix'),
('padre las casas', 'ix'),
('perquenco', 'ix'),
('pitrufquén', 'ix'),
('pucón', 'ix'),
('saavedra', 'ix'),
('teodoro schmidt', 'ix'),
('toltén', 'ix'),
('vilcún', 'ix'),
('villarrica', 'ix'),
('cholchol', 'ix'),
('angol', 'ix'),
('collipulli', 'ix'),
('curacautín', 'ix'),
('ercilla', 'ix'),
('lonquimay', 'ix'),
('los sauces', 'ix'),
('lumaco', 'ix'),
('purén', 'ix'),
('renaico', 'ix'),
('traiguén', 'ix'),
('victoria', 'ix');

-- Región X - Los Lagos
INSERT INTO comunas (nombre, region_id) VALUES
('puerto montt', 'x'),
('calbuco', 'x'),
('cochamó', 'x'),
('fresia', 'x'),
('frutillar', 'x'),
('los muermos', 'x'),
('llanquihue', 'x'),
('maullín', 'x'),
('puerto varas', 'x'),
('castro', 'x'),
('ancud', 'x'),
('chonchi', 'x'),
('curaco de vélez', 'x'),
('dalcahue', 'x'),
('puqueldón', 'x'),
('queilén', 'x'),
('quellón', 'x'),
('quemchi', 'x'),
('quinchao', 'x'),
('osorno', 'x'),
('puerto octay', 'x'),
('purranque', 'x'),
('puyehue', 'x'),
('río negro', 'x'),
('san juan de la costa', 'x'),
('san pablo', 'x'),
('chaitén', 'x'),
('futaleufú', 'x'),
('hualaihué', 'x'),
('palena', 'x');

-- Región XI - Aysén
INSERT INTO comunas (nombre, region_id) VALUES
('coihaique', 'xi'),
('lago verde', 'xi'),
('aysén', 'xi'),
('cisnes', 'xi'),
('guaitecas', 'xi'),
('cochrane', 'xi'),
('o''higgins', 'xi'),
('tortel', 'xi'),
('chile chico', 'xi'),
('río ibáñez', 'xi');

-- Región XII - Magallanes
INSERT INTO comunas (nombre, region_id) VALUES
('punta arenas', 'xii'),
('laguna blanca', 'xii'),
('río verde', 'xii'),
('san gregorio', 'xii'),
('porvenir', 'xii'),
('primavera', 'xii'),
('timaukel', 'xii'),
('puerto natales', 'xii'),
('torres del paine', 'xii'),
('antártica', 'xii');

-- Región XIII - Metropolitana
INSERT INTO comunas (nombre, region_id) VALUES
('colina', 'xiii'),
('lampa', 'xiii'),
('til til', 'xiii'),
('pirque', 'xiii'),
('puente alto', 'xiii'),
('san josé de maipo', 'xiii'),
('buin', 'xiii'),
('calera de tango', 'xiii'),
('paine', 'xiii'),
('san bernardo', 'xiii'),
('alhué', 'xiii'),
('curacaví', 'xiii'),
('maría pinto', 'xiii'),
('melipilla', 'xiii'),
('san pedro', 'xiii'),
('cerrillos', 'xiii'),
('cerro navia', 'xiii'),
('conchalí', 'xiii'),
('el bosque', 'xiii'),
('estación central', 'xiii'),
('huechuraba', 'xiii'),
('independencia', 'xiii'),
('la cisterna', 'xiii'),
('la granja', 'xiii'),
('la florida', 'xiii'),
('la pintana', 'xiii'),
('la reina', 'xiii'),
('las condes', 'xiii'),
('lo barnechea', 'xiii'),
('lo espejo', 'xiii'),
('lo prado', 'xiii'),
('macul', 'xiii'),
('maipú', 'xiii'),
('ñuñoa', 'xiii'),
('pedro aguirre cerda', 'xiii'),
('peñalolén', 'xiii'),
('providencia', 'xiii'),
('pudahuel', 'xiii'),
('quilicura', 'xiii'),
('quinta normal', 'xiii'),
('recoleta', 'xiii'),
('renca', 'xiii'),
('san miguel', 'xiii'),
('san joaquín', 'xiii'),
('san ramón', 'xiii'),
('santiago centro', 'xiii'),
('vitacura', 'xiii'),
('el monte', 'xiii'),
('isla de maipo', 'xiii'),
('padre hurtado', 'xiii'),
('peñaflor', 'xiii'),
('talagante', 'xiii');

-- Región XIV - Los Ríos
INSERT INTO comunas (nombre, region_id) VALUES
('valdivia', 'xiv'),
('corral', 'xiv'),
('lanco', 'xiv'),
('los lagos', 'xiv'),
('máfil', 'xiv'),
('mariquina', 'xiv'),
('paillaco', 'xiv'),
('panguipulli', 'xiv'),
('la unión', 'xiv'),
('futrono', 'xiv'),
('lago ranco', 'xiv'),
('río bueno', 'xiv');

-- Región XV - Arica y Parinacota
INSERT INTO comunas (nombre, region_id) VALUES
('arica', 'xv'),
('camarones', 'xv'),
('putre', 'xv'),
('general lagos', 'xv'),
('el salvador', 'xv');

-- Región XVI - Ñuble
INSERT INTO comunas (nombre, region_id) VALUES
('chillán', 'xvi'),
('chillán viejo', 'xvi'),
('cobquecura', 'xvi'),
('coelemu', 'xvi'),
('coihueco', 'xvi'),
('el carmen', 'xvi'),
('ninhue', 'xvi'),
('ñiquén', 'xvi'),
('pemuco', 'xvi'),
('pinto', 'xvi'),
('portezuelo', 'xvi'),
('quillón', 'xvi'),
('quirihue', 'xvi'),
('ránquil', 'xvi'),
('san carlos', 'xvi'),
('san fabián', 'xvi'),
('san ignacio', 'xvi'),
('san nicolás', 'xvi'),
('treguaco', 'xvi'),
('yungay', 'xvi');
