{
    "ARICA Y PARINACOTA": ["Arica", "Camarones", "Putre", "General Lagos", "El Salvador"],
    "TARAPACÁ": ["Iquique", "Alto Hospicio", "Pozo Almonte", "Camiña", "Colchane", "Huara", "Pica"],
    "ANTOFAGASTA": ["Antofagasta", "Mejillones", "Sierra Gorda", "Taltal", "Calama", "Ollagüe", "San Pedro de Atacama", "Tocopilla", "María Elena"],
    "ATACAMA": ["Copiapó", "Caldera", "Tierra Amarilla", "Chañaral", "Diego de Almagro", "Vallenar", "Alto del Carmen", "Freirina", "Huasco"],
    "COQUIMBO": ["La Serena", "Coquimbo", "Andacollo", "La Higuera", "Paihuano", "Vicuña", "Illapel", "Canela", "Los Vilos", "Salamanca", "Ovalle", "Combarbalá", "Monte Patria", "Punitaqui", "Río Hurtado"],
    "VALPARAÍSO": ["Valparaíso", "Casablanca", "Concón", "Juan Fernández", "Puchuncaví", "Quilpué", "Quintero", "Villa Alemana", "Viña del Mar",
                    "Isla de Pascua", "Los Andes", "Calle Larga", "Rinconada", "San Esteban", "La Ligua", "Cabildo", "Papudo", "Petorca", "Zapallar",
                    "Quillota", "Calera", "Hijuelas", "La Calera", "La Cruz", "Nogales", "Limache", "Olmué", "San Antonio", "Algarrobo", "Cartagena", "El Quisco",
                    "El Tabo", "Santo Domingo", "Catemu", "Llay llay", "Panquehue", "Putaendo", "Santa María", "San Felipe"],
    "METROPOLITANA": ["Colina","Lampa","Til Til","Pirque","Puente Alto","San José de Maipo","Buin","Calera de Tango","Paine","San Bernardo","Alhué","Curacaví","María Pinto","Melipilla","San Pedro","Cerrillos","Cerro Navia","Conchalí","El Bosque","Estación Central","Huechuraba","Independencia","La Cisterna","La Granja","La Florida","La Pintana","La Reina","Las Condes","Lo Barnechea","Lo Espejo","Lo Prado","Macul","Maipú","Ñuñoa","Pedro Aguirre Cerda","Peñalolén","Providencia","Pudahuel","Quilicura","Quinta Normal","Recoleta","Renca","San Miguel","San Joaquín","San Ramón","Santiago Centro","Vitacura","El Monte","Isla de Maipo","Padre Hurtado","Peñaflor","Talagante"],
    "O'HIGGINS": ["Rancagua", "Pichilemu","Codegua","Coinco","Coltauco","Doñihue","Graneros","Las Cabras","Machalí","Malloa","Mostazal","Olivar","Peumo","Pichidegua","Quinta de Tilcoco","Rengo","Requínoa","San Vicente","La Estrella","Litueche","Marchihue","Navidad","Paredones","Pumanque","San Fernando","Chépica","Chimbarongo","Lolol","Nancagua","Palmilla","Peralillo","Placilla","Santa Cruz"],
    "MAULE": ["Talca","Constitución","Curepto","Empedrado","Maule","Pelarco","Pencahue","Río Claro","San Clemente","San Rafael","Cauquenes","Chanco","Pelluhue","Curicó","Hualañé","Licantén","Molina","Rauco","Romeral","Sagrada Familia","Teno","Vichuquén","Linares","Colbún","Longaví","Parral","Retiro","San Javier","Villa Alegre","Yerbas Buenas"],
    "ÑUBLE": ["Chillán","Chillán Viejo","Cobquecura","Coelemu","Coihueco","El Carmen","Ninhue","Ñiquén","Pemuco","Pinto","Portezuelo","Quillón","Quirihue","Ránquil","San Carlos","San Fabián","San Ignacio","San Nicolás","Treguaco","Yungay"],
    "BIOBÍO": ["Concepción","Coronel","Chiguayante","Florida","Hualpén","Hualqui","Lota","Penco","San Pedro de la Paz","Santa Juana","Talcahuano","Tomé","Antuco","Cabrero","Laja","Los Ángeles","Mulchén","Nacimiento","Negrete","Quilaco","Quilleco","San Rosendo","Santa Bárbara","Tucapel","Yumbel","Alto Biobío","Arauco","Cañete","Contulmo","Curanilahue","Lebu","Los Álamos","Tirúa"],
    "ARAUCANÍA": ["Temuco", "Labranza", "Carahue","Cunco","Curarrehue","Freire","Galvarino","Gorbea","Lautaro","Loncoche","Melipeuco","Nueva Imperial","Padre Las Casas","Perquenco","Pitrufquén","Pucón","Saavedra","Teodoro Schmidt","Toltén","Vilcún","Villarrica","Cholchol","Angol","Collipulli","Curacautín","Ercilla","Lonquimay","Los Sauces","Lumaco","Purén","Renaico","Traiguén","Victoria"],
    "LOS RÍOS": ["Valdivia","Corral","Lanco","Los Lagos","Máfil","Mariquina","Paillaco","Panguipulli","La Unión","Futrono","Lago Ranco","Río Bueno"],
    "LOS LAGOS": ["Puerto Montt","Calbuco","Cochamó","Fresia","Frutillar","Los Muermos","Llanquihue","Maullín","Puerto Varas","Castro","Ancud","Chonchi","Curaco de Vélez","Dalcahue","Puqueldón","Queilén","Quellón","Quemchi","Quinchao","Osorno","Puerto Octay","Purranque","Puyehue","Río Negro","San Juan de la Costa","San Pablo","Chaitén","Futaleufú","Hualaihué","Palena"],
    "AYSÉN": ["Coihaique","Lago Verde","Aysén","Cisnes","Guaitecas","Cochrane","O\"Higgins","Tortel","Chile Chico","Río Ibáñez"],
    "MAGALLANES": ["Punta Arenas","Laguna Blanca","Río Verde","San Gregorio","Porvenir","Primavera","Timaukel","Puerto Natales","Torres del Paine","Antártica"]
}